Workbook

Sheet PIVOT TABLE
B1: Total and average impressions, likes, and clicks per campaign
A4: Row Labels | B4: Sum of Impressions | C4: Average of Impressions | D4: Sum of Clicks | E4: Average of Clicks | F4: Sum of Likes | G4: Average of Likes
A5: (blank) | B5: 1830608 | C5: 32689.429 | D5: 8339 | E5: 148.91071 | F5: 150160 | G5: 2681.4286
A6: DailyWellness | B6: 2464864 | C6: 34716.394 | D6: 10689 | E6: 150.5493 | F6: 187909 | G6: 2646.6056
A7: FestiveRadiance | B7: 1986356 | C7: 34247.517 | D7: 9872 | E7: 170.2069 | F7: 159783 | G7: 2754.8793
A8: NewYearRefresh | B8: 2266053 | C8: 33821.687 | D8: 10032 | E8: 149.73134 | F8: 183346 | G8: 2736.5075
A9: SummerSplash | B9: 1846272 | C9: 38464 | D9: 6434 | E9: 134.04167 | F9: 138793 | G9: 2891.5208
A10: Grand Total | B10: 10394153 | C10: 34647.177 | D10: 45366 | E10: 151.22 | F10: 819991 | G10: 2733.3033

Sheet Posts (2)
A1: Post ID | B1: Platform | C1: Date | D1: Content Type | E1: Post Text | F1: Likes | G1: Shares | H1: Comments | I1: Impressions | J1: Reach | K1: Engagament | L1: Clicks | M1: Hashtags Used | N1: Campaign_Name
A2: P001 | B2: Twitter | C2: 45649 | D2: Reel | E2: Check out our latest reel on twitter! | F2: 1461 | G2: 184 | H2: 344 | I2: 21915 | J2: 21675 | K2: 1989 | L2: 15 | M2: #LiveForNow | N2: SummerSplash
A3: P001 | B3: Twitter | C3: 45649 | D3: Reel | E3: Check out our latest reel on twitter! | F3: 1461 | G3: 184 | H3: 344 | I3: 21915 | J3: 21675 | K3: 1989 | L3: 15 | M3: #AnytimeIsPepsiTime | N3: SummerSplash
A4: P002 | B4: Twitter | C4: 45750 | D4: Text | E4: Check out our latest text on twitter! | F4: 4054 | G4: 389 | H4: 493 | I4: 64864 | J4: 64383 | K4: 4936 | L4: 117 | M4: #PepsiCoRefresh | N4: FestiveRadiance
A5: P002 | B5: Twitter | C5: 45750 | D5: Text | E5: Check out our latest text on twitter! | F5: 4054 | G5: 389 | H5: 493 | I5: 64864 | J5: 64383 | K5: 4936 | L5: 117 | M5: #BetterWithPepsi | N5: FestiveRadiance
A6: P003 | B6: YouTube | C6: 45789 | D6: Reel | E6: Check out our latest reel on youtube! | F6: 2795 | G6: 105 | H6: 49 | I6: 53105 | J6: 52307 | K6: 2949 | L6: 204 | M6: #PepsiCoRefresh | N6: NewYearRefresh
A7: P004 | B7: Instagram | C7: 45516 | D7: Story | E7: Check out our latest story on instagram! | F7: 2404 | G7: 363 | H7: 138 | I7: 19232 | J7: 18636 | K7: 2905 | L7: 128 | M7: #ThirstyForMore | N7: DailyWellness
A8: P005 | B8: YouTube | C8: 45469 | D8: Reel | E8: Check out our latest reel on youtube! | F8: 3557 | G8: 687 | H8: 424 | I8: 71140 | J8: 70701 | K8: 4668 | L8: 224 | M8: #ThirstyForMore | N8: SummerSplash
A9: P005 | B9: YouTube | C9: 45469 | D9: Reel | E9: Check out our latest reel on youtube! | F9: 3557 | G9: 687 | H9: 424 | I9: 71140 | J9: 70701 | K9: 4668 | L9: 224 | M9: #PepsiCoRefresh | N9: SummerSplash
A10: P006 | B10: Facebook | C10: 45596 | D10: Carousel | E10: Check out our latest carousel on facebook! | F10: 2945 | G10: 930 | H10: 355 | I10: 23560 | J10: 23275 | K10: 4230 | L10: 256 | M10: #PepsiCoRefresh | N10: FestiveRadiance
A11: P007 | B11: Twitter | C11: 45467 | D11: Carousel | E11: Check out our latest carousel on twitter! | F11: 3860 | G11: 201 | H11: 279 | I11: 61760 | J11: 61660 | K11: 4340 | L11: 235 | M11: #PepsiCoRefresh | N11: FestiveRadiance
A12: P008 | B12: YouTube | C12: 45486 | D12: Image | E12: Check out our latest image on youtube! | F12: 3929 | G12: 262 | H12: 278 | I12: 43219 | J12: 42841 | K12: 4469 | L12: 39 | M12: #ThirstyForMore | N12: DailyWellness
A13: P009 | B13: Facebook | C13: 45534 | D13: Text | E13: Check out our latest text on facebook! | F13: 3784 | G13: 808 | H13: 404 | I13: 56760 | J13: 56343 | K13: 4996 | L13: 131 | M13: #PepsiCoRefresh | N13: FestiveRadiance
... A17: P013 | B17: YouTube | C17: 45614 | D17: Carousel | E17: Check out our latest carousel on youtube! | F17: 1171 | G17: 286 | H17: 231 | I17: 22249 | J17: 21282 | K17: 1688 | L17: 114 | M17: #ThirstyForMore | N17: SummerSplash
A18: P014 | B18: Facebook | C18: 45704 | D18: Story | E18: Check out our latest story on facebook! | F18: 4242 | G18: 555 | H18: 131 | I18: 33936 | J18: 33802 | K18: 4928 | L18: 265 | M18: #LiveForNow
A19: P015 | B19: Facebook | C19: 45589 | D19: Video | E19: Check out our latest video on facebook! | F19: 3888 | G19: 604 | H19: 128 | I19: 77760 | J19: 77167 | K19: 4620 | L19: 20 | M19: #LiveForNow | N19: SummerSplash
A20: P016 | B20: Facebook | C20: 45530 | D20: Text | E20: Check out our latest text on facebook! | F20: 3452 | G20: 377 | H20: 360 | I20: 55232 | J20: 55075 | K20: 4189 | L20: 87 | M20: #LiveForNow | N20: NewYearRefresh
A21: P017 | B21: Facebook | C21: 45782 | D21: Text | E21: Check out our latest text on facebook! | F21: 4441 | G21: 511 | H21: 70 | I21: 53292 | J21: 53082 | K21: 5022 | L21: 159 | M21: #ThirstyForMore | N21: DailyWellness
A22: P018 | B22: Instagram | C22: 45523 | D22: Reel | E22: Check out our latest reel on instagram! | F22: 3000 | G22: 382 | H22: 325 | I22: 36000 | J22: 35819 | K22: 3707 | L22: 19 | M22: #LiveForNow | N22: SummerSplash
A23: P019 | B23: Instagram | C23: 45466 | D23: Video | E23: Check out our latest video on instagram! | F23: 1071 | G23: 519 | H23: 22 | I23: 16065 | J23: 15865 | K23: 1612 | L23: 103 | M23: #PepsiCoRefresh | N23: DailyWellness
A24: P020 | B24: Instagram | C24: 45544 | D24: Carousel | E24: Check out our latest carousel on instagram! | F24: 4054 | G24: 488 | H24: 373 | I24: 77026 | J24: 76881 | K24: 4915 | L24: 25 | M24: #PepsiCoRefresh | N24: SummerSplash
A25: P021 | B25: Instagram | C25: 45661 | D25: Reel | E25: Check out our latest reel on instagram! | F25: 4838 | G25: 640 | H25: 128 | I25: 72570 | J25: 72396 | K25: 5606 | L25: 83 | M25: #LiveForNow | N25: DailyWellness
A26: P022 | B26: Facebook | C26: 45715 | D26: Text | E26: Check out our latest text on facebook! | F26: 1570 | G26: 187 | H26: 260 | I26: 25120 | J26: 24613 | K26: 2017 | L26: 133 | M26: #PepsiCoRefresh | N26: DailyWellness
A27: P023 | B27: Facebook | C27: 45602 | D27: Video | E27: Check out our latest video on facebook! | F27: 1606 | G27: 547 | H27: 316 | I27: 32120 | J27: 31736 | K27: 2469 | L27: 225 | M27: #PepsiCoRefresh | N27: FestiveRadiance
A28: P023 | B28: Facebook | C28: 45602 | D28: Video | E28: Check out our latest video on facebook! | F28: 1606 | G28: 547 | H28: 316 | I28: 32120 | J28: 31736 | K28: 2469 | L28: 225 | M28: #AnytimeIsPepsiTime | N28: FestiveRadiance
A29: P024 | B29: Facebook | C29: 45680 | D29: Video | E29: Check out our latest video on facebook! | F29: 3961 | G29: 761 | H29: 131 | I29: 67337 | J29: 66615 | K29: 4853 | L29: 161 | M29: #LiveForNow | N29: NewYearRefresh
A30: P025 | B30: Twitter | C30: 45757 | D30: Carousel | E30: Check out our latest carousel on twitter! | F30: 3128 | G30: 211 | H30: 197 | I30: 59432 | J30: 59182 | K30: 3536 | L30: 238 | M30: #ThirstyForMore
A31: P026 | B31: YouTube | C31: 45752 | D31: Reel | E31: Check out our latest reel on youtube! | F31: 3009 | G31: 413 | H31: 358 | I31: 42126 | J31: 41309 | K31: 3780 | L31: 211 | M31: #LiveForNow | N31: FestiveRadiance
A32: P027 | B32: YouTube | C32: 45552 | D32: Text | E32: Check out our latest text on youtube! | F32: 2076 | G32: 195 | H32: 104 | I32: 33216 | J32: 32244 | K32: 2375 | L32: 51 | M32: #LiveForNow | N32: DailyWellness
A33: P028 | B33: Instagram | C33: 45720 | D33: Video | E33: Check out our latest video on instagram! | F33: 432 | G33: 624 | H33: 123 | I33: 6912 | J33: 6259 | K33: 1179 | L33: 79 | M33: #LiveForNow | N33: DailyWellness
A34: P029 | B34: Instagram | C34: 45688 | D34: Carousel | E34: Check out our latest carousel on instagram! | F34: 2566 | G34: 118 | H34: 37 | I34: 12830 | J34: 12264 | K34: 2721 | L34: 221 | M34: #LiveForNow | N34: NewYearRefresh
A35: P030 | B35: Instagram | C35: 45713 | D35: Video | E35: Check out our latest video on instagram! | F35: 3095 | G35: 39 | H35: 78 | I35: 55710 | J35: 54808 | K35: 3212 | L35: 93 | M35: #ThirstyForMore
A36: P031 | B36: Instagram | C36: 45642 | D36: Text | E36: Check out our latest text on instagram! | F36: 438 | G36: 153 | H36: 275 | I36: 3066 | J36: 2701 | K36: 866 | L36: 282 | M36: #PepsiCoRefresh | N36: FestiveRadiance
A37: P032 | B37: Twitter | C37: 45504 | D37: Carousel | E37: Check out our latest carousel on twitter! | F37: 2278 | G37: 10 | H37: 321 | I37: 13668 | J37: 12676 | K37: 2609 | L37: 275 | M37: #ThirstyForMore | N37: SummerSplash
A38: P033 | B38: Facebook | C38: 45525 | D38: Image | E38: Check out our latest image on facebook! | F38: 1407 | G38: 400 | H38: 351 | I38: 16884 | J38: 15954 | K38: 2158 | L38: 113 | M38: #PepsiCoRefresh | N38: SummerSplash
A39: P034 | B39: Facebook | C39: 45742 | D39: Text | E39: Check out our latest text on facebook! | F39: 1652 | G39: 89 | H39: 357 | I39: 29736 | J39: 28771 | K39: 2098 | L39: 215 | M39: #PepsiCoRefresh | N39: NewYearRefresh
A40: P035 | B40: Instagram | C40: 45626 | D40: Video | E40: Check out our latest video on instagram! | F40: 3775 | G40: 16 | H40: 239 | I40: 33975 | J40: 33310 | K40: 4030 | L40: 271 | M40: #LiveForNow | N40: FestiveRadiance
A41: P036 | B41: Instagram | C41: 45766 | D41: Story | E41: Check out our latest story on instagram! | F41: 4518 | G41: 285 | H41: 383 | I41: 67770 | J41: 67621 | K41: 5186 | L41: 31 | M41: #ThirstyForMore | N41: FestiveRadiance
A42: P037 | B42: Facebook | C42: 45663 | D42: Carousel | E42: Check out our latest carousel on facebook! | F42: 3024 | G42: 925 | H42: 350 | I42: 24192 | J42: 23518 | K42: 4299 | L42: 36 | M42: #ThirstyForMore | N42: FestiveRadiance
A43: P038 | B43: YouTube | C43: 45705 | D43: Reel | E43: Check out our latest reel on youtube! | F43: 3138 | G43: 123 | H43: 291 | I43: 28242 | J43: 27550 | K43: 3552 | L43: 87 | M43: #PepsiCoRefresh | N43: DailyWellness
A44: P039 | B44: Facebook | C44: 45621 | D44: Image | E44: Check out our latest image on facebook! | F44: 3564 | G44: 629 | H44: 177 | I44: 60588 | J44: 59627 | K44: 4370 | L44: 92 | M44: #PepsiCoRefresh
A45: P040 | B45: Twitter | C45: 45723 | D45: Image | E45: Check out our latest image on twitter! | F45: 4750 | G45: 151 | H45: 415 | I45: 38000 | J45: 37792 | K45: 5316 | L45: 299 | M45: #ThirstyForMore | N45: DailyWellness
A46: P041 | B46: Instagram | C46: 45724 | D46: Reel | E46: Check out our latest reel on instagram! | F46: 456 | G46: 629 | H46: 428 | I46: 8208 | J46: 7377 | K46: 1513 | L46: 205 | M46: #LiveForNow | N46: DailyWellness
A47: P042 | B47: YouTube | C47: 45721 | D47: Reel | E47: Check out our latest reel on youtube! | F47: 1543 | G47: 820 | H47: 333 | I47: 12344 | J47: 11496 | K47: 2696 | L47: 241 | M47: #ThirstyForMore
A48: P043 | B48: Instagram | C48: 45640 | D48: Carousel | E48: Check out our latest carousel on instagram! | F48: 2174 | G48: 658 | H48: 15 | I48: 13044 | J48: 12206 | K48: 2847 | L48: 137 | M48: #PepsiCoRefresh | N48: NewYearRefresh
A49: P044 | B49: Twitter | C49: 45718 | D49: Image | E49: Check out our latest image on twitter! | F49: 2358 | G49: 784 | H49: 344 | I49: 35370 | J49: 34475 | K49: 3486 | L49: 216 | M49: #PepsiCoRefresh
A50: P045 | B50: Facebook | C50: 45597 | D50: Video | E50: Check out our latest video on facebook! | F50: 3371 | G50: 106 | H50: 327 | I50: 50565 | J50: 49816 | K50: 3804 | L50: 176 | M50: #LiveForNow | N50: SummerSplash
A51: P046 | B51: Twitter | C51: 45779 | D51: Video | E51: Check out our latest video on twitter! | F51: 1108 | G51: 177 | H51: 212 | I51: 8864 | J51: 8710 | K51: 1497 | L51: 97 | M51: #PepsiCoRefresh | N51: DailyWellness
A52: P047 | B52: Twitter | C52: 45712 | D52: Carousel | E52: Check out our latest carousel on twitter! | F52: 2704 | G52: 752 | H52: 153 | I52: 21632 | J52: 20792 | K52: 3609 | L52: 127 | M52: #LiveForNow
A53: P048 | B53: Twitter | C53: 45727 | D53: Story | E53: Check out our latest story on twitter! | F53: 1950 | G53: 295 | H53: 478 | I53: 37050 | J53: 36272 | K53: 2723 | L53: 119 | M53: #PepsiCoRefresh
A54: P049 | B54: Twitter | C54: 45453 | D54: Story | E54: Check out our latest story on twitter! | F54: 2164 | G54: 549 | H54: 274 | I54: 28132 | J54: 27361 | K54: 2987 | L54: 177 | M54: #PepsiCoRefresh | N54: DailyWellness
A55: P050 | B55: YouTube | C55: 45476 | D55: Story | E55: Check out our latest story on youtube! | F55: 2754 | G55: 130 | H55: 90 | I55: 22032 | J55: 21288 | K55: 2974 | L55: 112 | M55: #PepsiCoRefresh | N55: NewYearRefresh
A56: P051 | B56: Facebook | C56: 45456 | D56: Carousel | E56: Check out our latest carousel on facebook! | F56: 2200 | G56: 504 | H56: 239 | I56: 37400 | J56: 36938 | K56: 2943 | L56: 225 | M56: #LiveForNow | N56: FestiveRadiance
A57: P052 | B57: Facebook | C57: 45660 | D57: Image | E57: Check out our latest image on facebook! | F57: 947 | G57: 338 | H57: 350 | I57: 10417 | J57: 9730 | K57: 1635 | L57: 34 | M57: #PepsiCoRefresh | N57: DailyWellness
A58: P053 | B58: YouTube | C58: 45712 | D58: Carousel | E58: Check out our latest carousel on youtube! | F58: 804 | G58: 639 | H58: 43 | I58: 4020 | J58: 3144 | K58: 1486 | L58: 11 | M58: #ThirstyForMore
A59: P053 | B59: YouTube | C59: 45712 | D59: Carousel | E59: Check out our latest carousel on youtube! | F59: 804 | G59: 639 | H59: 43 | I59: 4020 | J59: 3144 | K59: 1486 | L59: 11 | M59: #BetterWithPepsi
A60: P054 | B60: YouTube | C60: 45729 | D60: Carousel | E60: Check out our latest carousel on youtube! | F60: 1686 | G60: 904 | H60: 472 | I60: 18546 | J60: 18171 | K60: 3062 | L60: 52 | M60: #LiveForNow | N60: FestiveRadiance
A61: P055 | B61: Facebook | C61: 45460 | D61: Image | E61: Check out our latest image on facebook! | F61: 1226 | G61: 119 | H61: 7 | I61: 14712 | J61: 14049 | K61: 1352 | L61: 123 | M61: #ThirstyForMore | N61: DailyWellness
A62: P056 | B62: Facebook | C62: 45644 | D62: Carousel | E62: Check out our latest carousel on facebook! | F62: 2946 | G62: 498 | H62: 367 | I62: 29460 | J62: 28527 | K62: 3811 | L62: 60 | M62: #LiveForNow | N62: NewYearRefresh
A63: P057 | B63: Twitter | C63: 45586 | D63: Video | E63: Check out our latest video on twitter! | F63: 2825 | G63: 535 | H63: 295 | I63: 45200 | J63: 44739 | K63: 3655 | L63: 169 | M63: #PepsiCoRefresh | N63: SummerSplash
A64: P058 | B64: Instagram | C64: 45762 | D64: Reel | E64: Check out our latest reel on instagram! | F64: 103 | G64: 770 | H64: 19 | I64: 1030 | J64: 410 | K64: 892 | L64: 262 | M64: #PepsiCoRefresh | N64: DailyWellness
A65: P059 | B65: Instagram | C65: 45465 | D65: Text | E65: Check out our latest text on instagram! | F65: 2180 | G65: 263 | H65: 387 | I65: 30520 | J65: 30059 | K65: 2830 | L65: 174 | M65: #ThirstyForMore
A66: P060 | B66: Instagram | C66: 45685 | D66: Video | E66: Check out our latest video on instagram! | F66: 904 | G66: 973 | H66: 63 | I66: 11752 | J66: 11580 | K66: 1940 | L66: 84 | M66: #ThirstyForMore | N66: NewYearRefresh
A67: P060 | B67: Instagram | C67: 45685 | D67: Video | E67: Check out our latest video on instagram! | F67: 904 | G67: 973 | H67: 63 | I67: 11752 | J67: 11580 | K67: 1940 | L67: 84 | M67: #PepsiCoRefresh | N67: NewYearRefresh
A68: P060 | B68: Instagram | C68: 45685 | D68: Video | E68: Check out our latest video on instagram! | F68: 904 | G68: 973 | H68: 63 | I68: 11752 | J68: 11580 | K68: 1940 | L68: 84 | M68: #AnytimeIsPepsiTime | N68: NewYearRefresh
A69: P061 | B69: Twitter | C69: 45540 | D69: Video | E69: Check out our latest video on twitter! | F69: 4886 | G69: 983 | H69: 409 | I69: 43974 | J69: 43239 | K69: 6278 | L69: 65 | M69: #PepsiCoRefresh | N69: SummerSplash
A70: P062 | B70: Twitter | C70: 45618 | D70: Carousel | E70: Check out our latest carousel on twitter! | F70: 53 | G70: 81 | H70: 379 | I70: 954 | J70: 7 | K70: 513 | L70: 148 | M70: #PepsiCoRefresh | N70: NewYearRefresh
A71: P063 | B71: Twitter | C71: 45504 | D71: Carousel | E71: Check out our latest carousel on twitter! | F71: 4507 | G71: 217 | H71: 13 | I71: 90140 | J71: 89591 | K71: 4737 | L71: 125 | M71: #LiveForNow | N71: NewYearRefresh
A72: P064 | B72: Facebook | C72: 45521 | D72: Image | E72: Check out our latest image on facebook! | F72: 2878 | G72: 248 | H72: 416 | I72: 43170 | J72: 42667 | K72: 3542 | L72: 75 | M72: #LiveForNow | N72: NewYearRefresh
A73: P065 | B73: Instagram | C73: 45744 | D73: Story | E73: Check out our latest story on instagram! | F73: 1881 | G73: 501 | H73: 99 | I73: 20691 | J73: 19987 | K73: 2481 | L73: 289 | M73: #ThirstyForMore
A74: P066 | B74: Twitter | C74: 45499 | D74: Carousel | E74: Check out our latest carousel on twitter! | F74: 432 | G74: 171 | H74: 280 | I74: 3024 | J74: 2285 | K74: 883 | L74: 184 | M74: #ThirstyForMore | N74: SummerSplash
A75: P067 | B75: Facebook | C75: 45745 | D75: Carousel | E75: Check out our latest carousel on facebook! | F75: 4712 | G75: 568 | H75: 127 | I75: 84816 | J75: 84691 | K75: 5407 | L75: 100 | M75: #ThirstyForMore | N75: NewYearRefresh
A76: P068 | B76: Instagram | C76: 45634 | D76: Story | E76: Check out our latest story on instagram! | F76: 2610 | G76: 126 | H76: 288 | I76: 15660 | J76: 15145 | K76: 3024 | L76: 73 | M76: #ThirstyForMore
A77: P069 | B77: Twitter | C77: 45724 | D77: Text | E77: Check out our latest text on twitter! | F77: 1292 | G77: 626 | H77: 496 | I77: 25840 | J77: 24916 | K77: 2414 | L77: 149 | M77: #LiveForNow | N77: NewYearRefresh
A78: P070 | B78: Facebook | C78: 45749 | D78: Video | E78: Check out our latest video on facebook! | F78: 199 | G78: 772 | H78: 400 | I78: 3582 | J78: 2988 | K78: 1371 | L78: 43 | M78: #PepsiCoRefresh
A79: P071 | B79: YouTube | C79: 45537 | D79: Carousel | E79: Check out our latest carousel on youtube! | F79: 2551 | G79: 915 | H79: 205 | I79: 30612 | J79: 30360 | K79: 3671 | L79: 227 | M79: #PepsiCoRefresh | N79: FestiveRadiance
A80: P072 | B80: YouTube | C80: 45719 | D80: Reel | E80: Check out our latest reel on youtube! | F80: 296 | G80: 60 | H80: 141 | I80: 5624 | J80: 5239 | K80: 497 | L80: 88 | M80: #ThirstyForMore | N80: FestiveRadiance
A81: P073 | B81: Facebook | C81: 45583 | D81: Story | E81: Check out our latest story on facebook! | F81: 4126 | G81: 426 | H81: 486 | I81: 78394 | J81: 77798 | K81: 5038 | L81: 88 | M81: #LiveForNow | N81: DailyWellness
A82: P074 | B82: YouTube | C82: 45593 | D82: Reel | E82: Check out our latest reel on youtube! | F82: 1855 | G82: 200 | H82: 174 | I82: 16695 | J82: 16330 | K82: 2229 | L82: 123 | M82: #PepsiCoRefresh | N82: NewYearRefresh
A83: P075 | B83: Instagram | C83: 45505 | D83: Reel | E83: Check out our latest reel on instagram! | F83: 1674 | G83: 929 | H83: 37 | I83: 21762 | J83: 20998 | K83: 2640 | L83: 255 | M83: #PepsiCoRefresh | N83: DailyWellness
A84: P076 | B84: Twitter | C84: 45603 | D84: Story | E84: Check out our latest story on twitter! | F84: 1121 | G84: 135 | H84: 18 | I84: 15694 | J84: 14957 | K84: 1274 | L84: 99 | M84: #PepsiCoRefresh | N84: DailyWellness
A85: P077 | B85: Facebook | C85: 45720 | D85: Story | E85: Check out our latest story on facebook! | F85: 1249 | G85: 116 | H85: 420 | I85: 8743 | J85: 8538 | K85: 1785 | L85: 63 | M85: #PepsiCoRefresh
A86: P078 | B86: Twitter | C86: 45460 | D86: Image | E86: Check out our latest image on twitter! | F86: 954 | G86: 324 | H86: 288 | I86: 19080 | J86: 18859 | K86: 1566 | L86: 21 | M86: #LiveForNow | N86: DailyWellness
A87: P079 | B87: Instagram | C87: 45574 | D87: Carousel | E87: Check out our latest carousel on instagram! | F87: 3068 | G87: 137 | H87: 329 | I87: 39884 | J87: 39404 | K87: 3534 | L87: 266 | M87: #ThirstyForMore | N87: FestiveRadiance
A88: P080 | B88: Instagram | C88: 45456 | D88: Story | E88: Check out our latest story on instagram! | F88: 2103 | G88: 892 | H88: 103 | I88: 39957 | J88: 39466 | K88: 3098 | L88: 28 | M88: #LiveForNow
A89: P081 | B89: Instagram | C89: 45584 | D89: Story | E89: Check out our latest story on instagram! | F89: 1816 | G89: 29 | H89: 41 | I89: 19976 | J89: 19262 | K89: 1886 | L89: 283 | M89: #PepsiCoRefresh | N89: NewYearRefresh
A90: P082 | B90: Instagram | C90: 45497 | D90: Image | E90: Check out our latest image on instagram! | F90: 725 | G90: 88 | H90: 428 | I90: 14500 | J90: 13637 | K90: 1241 | L90: 200 | M90: #LiveForNow | N90: NewYearRefresh
A91: P082 | B91: Instagram | C91: 45497 | D91: Image | E91: Check out our latest image on instagram! | F91: 725 | G91: 88 | H91: 428 | I91: 14500 | J91: 13637 | K91: 1241 | L91: 200 | M91: #PepsiCoRefresh | N91: NewYearRefresh
A92: P082 | B92: Instagram | C92: 45497 | D92: Image | E92: Check out our latest image on instagram! | F92: 725 | G92: 88 | H92: 428 | I92: 14500 | J92: 13637 | K92: 1241 | L92: 200 | M92: #AnytimeIsPepsiTime | N92: NewYearRefresh
A93: P083 | B93: YouTube | C93: 45580 | D93: Video | E93: Check out our latest video on youtube! | F93: 1094 | G93: 472 | H93: 21 | I93: 9846 | J93: 9609 | K93: 1587 | L93: 112 | M93: #ThirstyForMore
A94: P084 | B94: Facebook | C94: 45635 | D94: Image | E94: Check out our latest image on facebook! | F94: 1841 | G94: 851 | H94: 342 | I94: 34979 | J94: 34154 | K94: 3034 | L94: 255 | M94: #LiveForNow | N94: DailyWellness
A95: P085 | B95: Instagram | C95: 45766 | D95: Image | E95: Check out our latest image on instagram! | F95: 4177 | G95: 569 | H95: 55 | I95: 25062 | J95: 24847 | K95: 4801 | L95: 230 | M95: #LiveForNow | N95: SummerSplash
A96: P086 | B96: YouTube | C96: 45684 | D96: Text | E96: Check out our latest text on youtube! | F96: 3428 | G96: 305 | H96: 85 | I96: 58276 | J96: 58052 | K96: 3818 | L96: 242 | M96: #ThirstyForMore | N96: DailyWellness
A97: P086 | B97: YouTube | C97: 45684 | D97: Text | E97: Check out our latest text on youtube! | F97: 3428 | G97: 305 | H97: 85 | I97: 58276 | J97: 58052 | K97: 3818 | L97: 242 | M97: #BetterWithPepsi | N97: DailyWellness
A98: P087 | B98: Twitter | C98: 45449 | D98: Video | E98: Check out our latest video on twitter! | F98: 1436 | G98: 765 | H98: 496 | I98: 12924 | J98: 12701 | K98: 2697 | L98: 197 | M98: #LiveForNow | N98: NewYearRefresh
A99: P088 | B99: Facebook | C99: 45480 | D99: Story | E99: Check out our latest story on facebook! | F99: 302 | G99: 47 | H99: 430 | I99: 5738 | J99: 4890 | K99: 779 | L99: 25 | M99: #PepsiCoRefresh | N99: DailyWellness
A100: P089 | B100: Twitter | C100: 45667 | D100: Image | E100: Check out our latest image on twitter! | F100: 2214 | G100: 249 | H100: 152 | I100: 15498 | J100: 14800 | K100: 2615 | L100: 180 | M100: #ThirstyForMore
A101: P090 | B101: Instagram | C101: 45446 | D101: Image | E101: Check out our latest image on instagram! | F101: 3861 | G101: 960 | H101: 101 | I101: 69498 | J101: 68817 | K101: 4922 | L101: 297 | M101: #PepsiCoRefresh | N101: DailyWellness
A102: P091 | B102: Facebook | C102: 45740 | D102: Image | E102: Check out our latest image on facebook! | F102: 1263 | G102: 397 | H102: 357 | I102: 25260 | J102: 24615 | K102: 2017 | L102: 137 | M102: #ThirstyForMore | N102: DailyWellness
A103: P092 | B103: Twitter | C103: 45586 | D103: Story | E103: Check out our latest story on twitter! | F103: 3801 | G103: 967 | H103: 401 | I103: 38010 | J103: 37625 | K103: 5169 | L103: 236 | M103: #LiveForNow | N103: NewYearRefresh
...

Sheet post
A1: Post ID | B1: Platform | C1: Date | D1: Content Type | E1: Post Text | F1: Likes | G1: Shares | H1: Comments | I1: Impressions | J1: Reach | K1: Clicks | L1: Engagement | M1: Campaign_Name | N1: Hashtags 1 | O1: Hashtags 2 | P1: Hashtags 3
A2: P001 | B2: Twitter | C2: 45649 | D2: Reel | E2: Check out our latest reel on twitter! | F2: 1461 | G2: 184 | H2: 344 | I2: 21915 | J2: 21675 | K2: 15 | L2: =[1]!Posts_Table[[#This Row],[Likes]]+[1]!Posts_Table[[#This Row],[Shares]]+[1]!Posts_Table[[#This Row],[Comments]] -> 1989 | M2: SummerSplash | N2: #LiveForNow | O2: #AnytimeIsPepsiTime
A3: P002 | B3: Twitter | C3: 45750 | D3: Text | E3: Check out our latest text on twitter! | F3: 4054 | G3: 389 | H3: 493 | I3: 64864 | J3: 64383 | K3: 117 | L3: =[1]!Posts_Table[[#This Row],[Likes]]+[1]!Posts_Table[[#This Row],[Shares]]+[1]!Posts_Table[[#This Row],[Comments]] -> 4936 | M3: FestiveRadiance | N3: #PepsiCoRefresh | O3: #BetterWithPepsi
A4: P003 | B4: YouTube | C4: 45789 | D4: Reel | E4: Check out our latest reel on youtube! | F4: 2795 | G4: 105 | H4: 49 | I4: 53105 | J4: 52307 | K4: 204 | L4: =[1]!Posts_Table[[#This Row],[Likes]]+[1]!Posts_Table[[#This Row],[Shares]]+[1]!Posts_Table[[#This Row],[Comments]] -> 2949 | M4: NewYearRefresh | N4: #PepsiCoRefresh
A5: P004 | B5: Instagram | C5: 45516 | D5: Story | E5: Check out our latest story on instagram! | F5: 2404 | G5: 363 | H5: 138 | I5: 19232 | J5: 18636 | K5: 128 | L5: =[1]!Posts_Table[[#This Row],[Likes]]+[1]!Posts_Table[[#This Row],[Shares]]+[1]!Posts_Table[[#This Row],[Comments]] -> 2905 | M5: DailyWellness | N5: #ThirstyForMore
A6: P005 | B6: YouTube | C6: 45469 | D6: Reel | E6: Check out our latest reel on youtube! | F6: 3557 | G6: 687 | H6: 424 | I6: 71140 | J6: 70701 | K6: 224 | L6: =[1]!Posts_Table[[#This Row],[Likes]]+[1]!Posts_Table[[#This Row],[Shares]]+[1]!Posts_Table[[#This Row],[Comments]] -> 4668 | M6: SummerSplash | N6: #ThirstyForMore | O6: #PepsiCoRefresh
A7: P006 | B7: Facebook | C7: 45596 | D7: Carousel | E7: Check out our latest carousel on facebook! | F7: 2945 | G7: 930 | H7: 355 | I7: 23560 | J7: 23275 | K7: 256 | L7: =[1]!Posts_Table[[#This Row],[Likes]]+[1]!Posts_Table[[#This Row],[Shares]]+[1]!Posts_Table[[#This Row],[Comments]] -> 4230 | M7: FestiveRadiance | N7: #PepsiCoRefresh
A8: P007 | B8: Twitter | C8: 45467 | D8: Carousel | E8: Check out our latest carousel on twitter! | F8: 3860 | G8: 201 | H8: 279 | I8: 61760 | J8: 61660 | K8: 235 | L8: =[1]!Posts_Table[[#This Row],[Likes]]+[1]!Posts_Table[[#This Row],[Shares]]+[1]!Posts_Table[[#This Row],[Comments]] -> 4340 | M8: FestiveRadiance | N8: #PepsiCoRefresh
A9: P008 | B9: YouTube | C9: 45486 | D9: Image | E9: Check out our latest image on youtube! | F9: 3929 | G9: 262 | H9: 278 | I9: 43219 | J9: 42841 | K9: 39 | L9: =[1]!Posts_Table[[#This Row],[Likes]]+[1]!Posts_Table[[#This Row],[Shares]]+[1]!Posts_Table[[#This Row],[Comments]] -> 4469 | M9: DailyWellness | N9: #ThirstyForMore
A10: P009 | B10: Facebook | C10: 45534 | D10: Text | E10: Check out our latest text on facebook! | F10: 3784 | G10: 808 | H10: 404 | I10: 56760 | J10: 56343 | K10: 131 | L10: =[1]!Posts_Table[[#This Row],[Likes]]+[1]!Posts_Table[[#This Row],[Shares]]+[1]!Posts_Table[[#This Row],[Comments]] -> 4996 | M10: FestiveRadiance | N10: #PepsiCoRefresh
A11: P010 | B11: Facebook | C11: 45727 | D11: Image | E11: Check out our latest image on facebook! | F11: 4241 | G11: 902 | H11: 47 | I11: 72097 | J11: 71598 | K11: 167 | L11: =[1]!Posts_Table[[#This Row],[Likes]]+[1]!Posts_Table[[#This Row],[Shares]]+[1]!Posts_Table[[#This Row],[Comments]] -> 5190 | M11: FestiveRadiance | N11: #PepsiCoRefresh
A12: P011 | B12: Instagram | C12: 45690 | D12: Story | E12: Check out our latest story on instagram! | F12: 1792 | G12: 614 | H12: 497 | I12: 25088 | J12: 24675 | K12: 65 | L12: =[1]!Posts_Table[[#This Row],[Likes]]+[1]!Posts_Table[[#This Row],[Shares]]+[1]!Posts_Table[[#This Row],[Comments]] -> 2903 | M12: DailyWellness | N12: #LiveForNow
A13: P012 | B13: Facebook | C13: 45494 | D13: Reel | E13: Check out our latest reel on facebook! | F13: 1946 | G13: 686 | H13: 377 | I13: 23352 | J13: 22982 | K13: 213 | L13: =[1]!Posts_Table[[#This Row],[Likes]]+[1]!Posts_Table[[#This Row],[Shares]]+[1]!Posts_Table[[#This Row],[Comments]] -> 3009 | M13: NewYearRefresh | N13: #LiveForNow
A14: P013 | B14: YouTube | C14: 45614 | D14: Carousel | E14: Check out our latest carousel on youtube! | F14: 1171 | G14: 286 | H14: 231 | I14: 22249 | J14: 21282 | K14: 114 | L14: =[1]!Posts_Table[[#This Row],[Likes]]+[1]!Posts_Table[[#This Row],[Shares]]+[1]!Posts_Table[[#This Row],[Comments]] -> 1688 | M14: SummerSplash | N14: #ThirstyForMore
A15: P014 | B15: Facebook | C15: 45704 | D15: Story | E15: Check out our latest story on facebook! | F15: 4242 | G15: 555 | H15: 131 | I15: 33936 | J15: 33802 | K15: 265 | L15: =[1]!Posts_Table[[#This Row],[Likes]]+[1]!Posts_Table[[#This Row],[Shares]]+[1]!Posts_Table[[#This Row],[Comments]] -> 4928 | N15: #LiveForNow
A16: P015 | B16: Facebook | C16: 45589 | D16: Video | E16: Check out our latest video on facebook! | F16: 3888 | G16: 604 | H16: 128 | I16: 77760 | J16: 77167 | K16: 20 | L16: =[1]!Posts_Table[[#This Row],[Likes]]+[1]!Posts_Table[[#This Row],[Shares]]+[1]!Posts_Table[[#This Row],[Comments]] -> 4620 | M16: SummerSplash | N16: #LiveForNow
A17: P016 | B17: Facebook | C17: 45530 | D17: Text | E17: Check out our latest text on facebook! | F17: 3452 | G17: 377 | H17: 360 | I17: 55232 | J17: 55075 | K17: 87 | L17: =[1]!Posts_Table[[#This Row],[Likes]]+[1]!Posts_Table[[#This Row],[Shares]]+[1]!Posts_Table[[#This Row],[Comments]] -> 4189 | M17: NewYearRefresh | N17: #LiveForNow
A18: P017 | B18: Facebook | C18: 45782 | D18: Text | E18: Check out our latest text on facebook! | F18: 4441 | G18: 511 | H18: 70 | I18: 53292 | J18: 53082 | K18: 159 | L18: =[1]!Posts_Table[[#This Row],[Likes]]+[1]!Posts_Table[[#This Row],[Shares]]+[1]!Posts_Table[[#This Row],[Comments]] -> 5022 | M18: DailyWellness | N18: #ThirstyForMore
A19: P018 | B19: Instagram | C19: 45523 | D19: Reel | E19: Check out our latest reel on instagram! | F19: 3000 | G19: 382 | H19: 325 | I19: 36000 | J19: 35819 | K19: 19 | L19: =[1]!Posts_Table[[#This Row],[Likes]]+[1]!Posts_Table[[#This Row],[Shares]]+[1]!Posts_Table[[#This Row],[Comments]] -> 3707 | M19: SummerSplash | N19: #LiveForNow
A20: P019 | B20: Instagram | C20: 45466 | D20: Video | E20: Check out our latest video on instagram! | F20: 1071 | G20: 519 | H20: 22 | I20: 16065 | J20: 15865 | K20: 103 | L20: =[1]!Posts_Table[[#This Row],[Likes]]+[1]!Posts_Table[[#This Row],[Shares]]+[1]!Posts_Table[[#This Row],[Comments]] -> 1612 | M20: DailyWellness | N20: #PepsiCoRefresh
A21: P020 | B21: Instagram | C21: 45544 | D21: Carousel | E21: Check out our latest carousel on instagram! | F21: 4054 | G21: 488 | H21: 373 | I21: 77026 | J21: 76881 | K21: 25 | L21: =[1]!Posts_Table[[#This Row],[Likes]]+[1]!Posts_Table[[#This Row],[Shares]]+[1]!Posts_Table[[#This Row],[Comments]] -> 4915 | M21: SummerSplash | N21: #PepsiCoRefresh
A22: P021 | B22: Instagram | C22: 45661 | D22: Reel | E22: Check out our latest reel on instagram! | F22: 4838 | G22: 640 | H22: 128 | I22: 72570 | J22: 72396 | K22: 83 | L22: =[1]!Posts_Table[[#This Row],[Likes]]+[1]!Posts_Table[[#This Row],[Shares]]+[1]!Posts_Table[[#This Row],[Comments]] -> 5606 | M22: DailyWellness | N22: #LiveForNow
A23: P022 | B23: Facebook | C23: 45715 | D23: Text | E23: Check out our latest text on facebook! | F23: 1570 | G23: 187 | H23: 260 | I23: 25120 | J23: 24613 | K23: 133 | L23: =[1]!Posts_Table[[#This Row],[Likes]]+[1]!Posts_Table[[#This Row],[Shares]]+[1]!Posts_Table[[#This Row],[Comments]] -> 2017 | M23: DailyWellness | N23: #PepsiCoRefresh
A24: P023 | B24: Facebook | C24: 45602 | D24: Video | E24: Check out our latest video on facebook! | F24: 1606 | G24: 547 | H24: 316 | I24: 32120 | J24: 31736 | K24: 225 | L24: =[1]!Posts_Table[[#This Row],[Likes]]+[1]!Posts_Table[[#This Row],[Shares]]+[1]!Posts_Table[[#This Row],[Comments]] -> 2469 | M24: FestiveRadiance | N24: #PepsiCoRefresh | O24: #AnytimeIsPepsiTime
A25: P024 | B25: Facebook | C25: 45680 | D25: Video | E25: Check out our latest video on facebook! | F25: 3961 | G25: 761 | H25: 131 | I25: 67337 | J25: 66615 | K25: 161 | L25: =[1]!Posts_Table[[#This Row],[Likes]]+[1]!Posts_Table[[#This Row],[Shares]]+[1]!Posts_Table[[#This Row],[Comments]] -> 4853 | M25: NewYearRefresh | N25: #LiveForNow
A26: P025 | B26: Twitter | C26: 45757 | D26: Carousel | E26: Check out our latest carousel on twitter! | F26: 3128 | G26: 211 | H26: 197 | I26: 59432 | J26: 59182 | K26: 238 | L26: =[1]!Posts_Table[[#This Row],[Likes]]+[1]!Posts_Table[[#This Row],[Shares]]+[1]!Posts_Table[[#This Row],[Comments]] -> 3536 | N26: #ThirstyForMore
A27: P026 | B27: YouTube | C27: 45752 | D27: Reel | E27: Check out our latest reel on youtube! | F27: 3009 | G27: 413 | H27: 358 | I27: 42126 | J27: 41309 | K27: 211 | L27: =[1]!Posts_Table[[#This Row],[Likes]]+[1]!Posts_Table[[#This Row],[Shares]]+[1]!Posts_Table[[#This Row],[Comments]] -> 3780 | M27: FestiveRadiance | N27: #LiveForNow
A28: P027 | B28: YouTube | C28: 45552 | D28: Text | E28: Check out our latest text on youtube! | F28: 2076 | G28: 195 | H28: 104 | I28: 33216 | J28: 32244 | K28: 51 | L28: =[1]!Posts_Table[[#This Row],[Likes]]+[1]!Posts_Table[[#This Row],[Shares]]+[1]!Posts_Table[[#This Row],[Comments]] -> 2375 | M28: DailyWellness | N28: #LiveForNow
A29: P028 | B29: Instagram | C29: 45720 | D29: Video | E29: Check out our latest video on instagram! | F29: 432 | G29: 624 | H29: 123 | I29: 6912 | J29: 6259 | K29: 79 | L29: =[1]!Posts_Table[[#This Row],[Likes]]+[1]!Posts_Table[[#This Row],[Shares]]+[1]!Posts_Table[[#This Row],[Comments]] -> 1179 | M29: DailyWellness | N29: #LiveForNow
A30: P029 | B30: Instagram | C30: 45688 | D30: Carousel | E30: Check out our latest carousel on instagram! | F30: 2566 | G30: 118 | H30: 37 | I30: 12830 | J30: 12264 | K30: 221 | L30: =[1]!Posts_Table[[#This Row],[Likes]]+[1]!Posts_Table[[#This Row],[Shares]]+[1]!Posts_Table[[#This Row],[Comments]] -> 2721 | M30: NewYearRefresh | N30: #LiveForNow
A31: P030 | B31: Instagram | C31: 45713 | D31: Video | E31: Check out our latest video on instagram! | F31: 3095 | G31: 39 | H31: 78 | I31: 55710 | J31: 54808 | K31: 93 | L31: =[1]!Posts_Table[[#This Row],[Likes]]+[1]!Posts_Table[[#This Row],[Shares]]+[1]!Posts_Table[[#This Row],[Comments]] -> 3212 | N31: #ThirstyForMore
A32: P031 | B32: Instagram | C32: 45642 | D32: Text | E32: Check out our latest text on instagram! | F32: 438 | G32: 153 | H32: 275 | I32: 3066 | J32: 2701 | K32: 282 | L32: =[1]!Posts_Table[[#This Row],[Likes]]+[1]!Posts_Table[[#This Row],[Shares]]+[1]!Posts_Table[[#This Row],[Comments]] -> 866 | M32: FestiveRadiance | N32: #PepsiCoRefresh
A33: P032 | B33: Twitter | C33: 45504 | D33: Carousel | E33: Check out our latest carousel on twitter! | F33: 2278 | G33: 10 | H33: 321 | I33: 13668 | J33: 12676 | K33: 275 | L33: =[1]!Posts_Table[[#This Row],[Likes]]+[1]!Posts_Table[[#This Row],[Shares]]+[1]!Posts_Table[[#This Row],[Comments]] -> 2609 | M33: SummerSplash | N33: #ThirstyForMore
A34: P033 | B34: Facebook | C34: 45525 | D34: Image | E34: Check out our latest image on facebook! | F34: 1407 | G34: 400 | H34: 351 | I34: 16884 | J34: 15954 | K34: 113 | L34: =[1]!Posts_Table[[#This Row],[Likes]]+[1]!Posts_Table[[#This Row],[Shares]]+[1]!Posts_Table[[#This Row],[Comments]] -> 2158 | M34: SummerSplash | N34: #PepsiCoRefresh
A35: P034 | B35: Facebook | C35: 45742 | D35: Text | E35: Check out our latest text on facebook! | F35: 1652 | G35: 89 | H35: 357 | I35: 29736 | J35: 28771 | K35: 215 | L35: =[1]!Posts_Table[[#This Row],[Likes]]+[1]!Posts_Table[[#This Row],[Shares]]+[1]!Posts_Table[[#This Row],[Comments]] -> 2098 | M35: NewYearRefresh | N35: #PepsiCoRefresh
A36: P035 | B36: Instagram | C36: 45626 | D36: Video | E36: Check out our latest video on instagram! | F36: 3775 | G36: 16 | H36: 239 | I36: 33975 | J36: 33310 | K36: 271 | L36: =[1]!Posts_Table[[#This Row],[Likes]]+[1]!Posts_Table[[#This Row],[Shares]]+[1]!Posts_Table[[#This Row],[Comments]] -> 4030 | M36: FestiveRadiance | N36: #LiveForNow
A37: P036 | B37: Instagram | C37: 45766 | D37: Story | E37: Check out our latest story on instagram! | F37: 4518 | G37: 285 | H37: 383 | I37: 67770 | J37: 67621 | K37: 31 | L37: =[1]!Posts_Table[[#This Row],[Likes]]+[1]!Posts_Table[[#This Row],[Shares]]+[1]!Posts_Table[[#This Row],[Comments]] -> 5186 | M37: FestiveRadiance | N37: #ThirstyForMore
A38: P037 | B38: Facebook | C38: 45663 | D38: Carousel | E38: Check out our latest carousel on facebook! | F38: 3024 | G38: 925 | H38: 350 | I38: 24192 | J38: 23518 | K38: 36 | L38: =[1]!Posts_Table[[#This Row],[Likes]]+[1]!Posts_Table[[#This Row],[Shares]]+[1]!Posts_Table[[#This Row],[Comments]] -> 4299 | M38: FestiveRadiance | N38: #ThirstyForMore
A39: P038 | B39: YouTube | C39: 45705 | D39: Reel | E39: Check out our latest reel on youtube! | F39: 3138 | G39: 123 | H39: 291 | I39: 28242 | J39: 27550 | K39: 87 | L39: =[1]!Posts_Table[[#This Row],[Likes]]+[1]!Posts_Table[[#This Row],[Shares]]+[1]!Posts_Table[[#This Row],[Comments]] -> 3552 | M39: DailyWellness | N39: #PepsiCoRefresh
A40: P039 | B40: Facebook | C40: 45621 | D40: Image | E40: Check out our latest image on facebook! | F40: 3564 | G40: 629 | H40: 177 | I40: 60588 | J40: 59627 | K40: 92 | L40: =[1]!Posts_Table[[#This Row],[Likes]]+[1]!Posts_Table[[#This Row],[Shares]]+[1]!Posts_Table[[#This Row],[Comments]] -> 4370 | N40: #PepsiCoRefresh
A41: P040 | B41: Twitter | C41: 45723 | D41: Image | E41: Check out our latest image on twitter! | F41: 4750 | G41: 151 | H41: 415 | I41: 38000 | J41: 37792 | K41: 299 | L41: =[1]!Posts_Table[[#This Row],[Likes]]+[1]!Posts_Table[[#This Row],[Shares]]+[1]!Posts_Table[[#This Row],[Comments]] -> 5316 | M41: DailyWellness | N41: #ThirstyForMore
A42: P041 | B42: Instagram | C42: 45724 | D42: Reel | E42: Check out our latest reel on instagram! | F42: 456 | G42: 629 | H42: 428 | I42: 8208 | J42: 7377 | K42: 205 | L42: =[1]!Posts_Table[[#This Row],[Likes]]+[1]!Posts_Table[[#This Row],[Shares]]+[1]!Posts_Table[[#This Row],[Comments]] -> 1513 | M42: DailyWellness | N42: #LiveForNow
A43: P042 | B43: YouTube | C43: 45721 | D43: Reel | E43: Check out our latest reel on youtube! | F43: 1543 | G43: 820 | H43: 333 | I43: 12344 | J43: 11496 | K43: 241 | L43: =[1]!Posts_Table[[#This Row],[Likes]]+[1]!Posts_Table[[#This Row],[Shares]]+[1]!Posts_Table[[#This Row],[Comments]] -> 2696 | N43: #ThirstyForMore
A44: P043 | B44: Instagram | C44: 45640 | D44: Carousel | E44: Check out our latest carousel on instagram! | F44: 2174 | G44: 658 | H44: 15 | I44: 13044 | J44: 12206 | K44: 137 | L44: =[1]!Posts_Table[[#This Row],[Likes]]+[1]!Posts_Table[[#This Row],[Shares]]+[1]!Posts_Table[[#This Row],[Comments]] -> 2847 | M44: NewYearRefresh | N44: #PepsiCoRefresh
A45: P044 | B45: Twitter | C45: 45718 | D45: Image | E45: Check out our latest image on twitter! | F45: 2358 | G45: 784 | H45: 344 | I45: 35370 | J45: 34475 | K45: 216 | L45: =[1]!Posts_Table[[#This Row],[Likes]]+[1]!Posts_Table[[#This Row],[Shares]]+[1]!Posts_Table[[#This Row],[Comments]] -> 3486 | N45: #PepsiCoRefresh
A46: P045 | B46: Facebook | C46: 45597 | D46: Video | E46: Check out our latest video on facebook! | F46: 3371 | G46: 106 | H46: 327 | I46: 50565 | J46: 49816 | K46: 176 | L46: =[1]!Posts_Table[[#This Row],[Likes]]+[1]!Posts_Table[[#This Row],[Shares]]+[1]!Posts_Table[[#This Row],[Comments]] -> 3804 | M46: SummerSplash | N46: #LiveForNow
A47: P046 | B47: Twitter | C47: 45779 | D47: Video | E47: Check out our latest video on twitter! | F47: 1108 | G47: 177 | H47: 212 | I47: 8864 | J47: 8710 | K47: 97 | L47: =[1]!Posts_Table[[#This Row],[Likes]]+[1]!Posts_Table[[#This Row],[Shares]]+[1]!Posts_Table[[#This Row],[Comments]] -> 1497 | M47: DailyWellness | N47: #PepsiCoRefresh
A48: P047 | B48: Twitter | C48: 45712 | D48: Carousel | E48: Check out our latest carousel on twitter! | F48: 2704 | G48: 752 | H48: 153 | I48: 21632 | J48: 20792 | K48: 127 | L48: =[1]!Posts_Table[[#This Row],[Likes]]+[1]!Posts_Table[[#This Row],[Shares]]+[1]!Posts_Table[[#This Row],[Comments]] -> 3609 | N48: #LiveForNow
A49: P048 | B49: Twitter | C49: 45727 | D49: Story | E49: Check out our latest story on twitter! | F49: 1950 | G49: 295 | H49: 478 | I49: 37050 | J49: 36272 | K49: 119 | L49: =[1]!Posts_Table[[#This Row],[Likes]]+[1]!Posts_Table[[#This Row],[Shares]]+[1]!Posts_Table[[#This Row],[Comments]] -> 2723 | N49: #PepsiCoRefresh
A50: P049 | B50: Twitter | C50: 45453 | D50: Story | E50: Check out our latest story on twitter! | F50: 2164 | G50: 549 | H50: 274 | I50: 28132 | J50: 27361 | K50: 177 | L50: =[1]!Posts_Table[[#This Row],[Likes]]+[1]!Posts_Table[[#This Row],[Shares]]+[1]!Posts_Table[[#This Row],[Comments]] -> 2987 | M50: DailyWellness | N50: #PepsiCoRefresh
A51: P050 | B51: YouTube | C51: 45476 | D51: Story | E51: Check out our latest story on youtube! | F51: 2754 | G51: 130 | H51: 90 | I51: 22032 | J51: 21288 | K51: 112 | L51: =[1]!Posts_Table[[#This Row],[Likes]]+[1]!Posts_Table[[#This Row],[Shares]]+[1]!Posts_Table[[#This Row],[Comments]] -> 2974 | M51: NewYearRefresh | N51: #PepsiCoRefresh
A52: P051 | B52: Facebook | C52: 45456 | D52: Carousel | E52: Check out our latest carousel on facebook! | F52: 2200 | G52: 504 | H52: 239 | I52: 37400 | J52: 36938 | K52: 225 | L52: =[1]!Posts_Table[[#This Row],[Likes]]+[1]!Posts_Table[[#This Row],[Shares]]+[1]!Posts_Table[[#This Row],[Comments]] -> 2943 | M52: FestiveRadiance | N52: #LiveForNow
A53: P052 | B53: Facebook | C53: 45660 | D53: Image | E53: Check out our latest image on facebook! | F53: 947 | G53: 338 | H53: 350 | I53: 10417 | J53: 9730 | K53: 34 | L53: =[1]!Posts_Table[[#This Row],[Likes]]+[1]!Posts_Table[[#This Row],[Shares]]+[1]!Posts_Table[[#This Row],[Comments]] -> 1635 | M53: DailyWellness | N53: #PepsiCoRefresh
A54: P053 | B54: YouTube | C54: 45712 | D54: Carousel | E54: Check out our latest carousel on youtube! | F54: 804 | G54: 639 | H54: 43 | I54: 4020 | J54: 3144 | K54: 11 | L54: =[1]!Posts_Table[[#This Row],[Likes]]+[1]!Posts_Table[[#This Row],[Shares]]+[1]!Posts_Table[[#This Row],[Comments]] -> 1486 | N54: #ThirstyForMore | O54: #BetterWithPepsi
A55: P054 | B55: YouTube | C55: 45729 | D55: Carousel | E55: Check out our latest carousel on youtube! | F55: 1686 | G55: 904 | H55: 472 | I55: 18546 | J55: 18171 | K55: 52 | L55: =[1]!Posts_Table[[#This Row],[Likes]]+[1]!Posts_Table[[#This Row],[Shares]]+[1]!Posts_Table[[#This Row],[Comments]] -> 3062 | M55: FestiveRadiance | N55: #LiveForNow
A56: P055 | B56: Facebook | C56: 45460 | D56: Image | E56: Check out our latest image on facebook! | F56: 1226 | G56: 119 | H56: 7 | I56: 14712 | J56: 14049 | K56: 123 | L56: =[1]!Posts_Table[[#This Row],[Likes]]+[1]!Posts_Table[[#This Row],[Shares]]+[1]!Posts_Table[[#This Row],[Comments]] -> 1352 | M56: DailyWellness | N56: #ThirstyForMore
A57: P056 | B57: Facebook | C57: 45644 | D57: Carousel | E57: Check out our latest carousel on facebook! | F57: 2946 | G57: 498 | H57: 367 | I57: 29460 | J57: 28527 | K57: 60 | L57: =[1]!Posts_Table[[#This Row],[Likes]]+[1]!Posts_Table[[#This Row],[Shares]]+[1]!Posts_Table[[#This Row],[Comments]] -> 3811 | M57: NewYearRefresh | N57: #LiveForNow
A58: P057 | B58: Twitter | C58: 45586 | D58: Video | E58: Check out our latest video on twitter! | F58: 2825 | G58: 535 | H58: 295 | I58: 45200 | J58: 44739 | K58: 169 | L58: =[1]!Posts_Table[[#This Row],[Likes]]+[1]!Posts_Table[[#This Row],[Shares]]+[1]!Posts_Table[[#This Row],[Comments]] -> 3655 | M58: SummerSplash | N58: #PepsiCoRefresh
A59: P058 | B59: Instagram | C59: 45762 | D59: Reel | E59: Check out our latest reel on instagram! | F59: 103 | G59: 770 | H59: 19 | I59: 1030 | J59: 410 | K59: 262 | L59: =[1]!Posts_Table[[#This Row],[Likes]]+[1]!Posts_Table[[#This Row],[Shares]]+[1]!Posts_Table[[#This Row],[Comments]] -> 892 | M59: DailyWellness | N59: #PepsiCoRefresh
A60: P059 | B60: Instagram | C60: 45465 | D60: Text | E60: Check out our latest text on instagram! | F60: 2180 | G60: 263 | H60: 387 | I60: 30520 | J60: 30059 | K60: 174 | L60: =[1]!Posts_Table[[#This Row],[Likes]]+[1]!Posts_Table[[#This Row],[Shares]]+[1]!Posts_Table[[#This Row],[Comments]] -> 2830 | N60: #ThirstyForMore
A61: P060 | B61: Instagram | C61: 45685 | D61: Video | E61: Check out our latest video on instagram! | F61: 904 | G61: 973 | H61: 63 | I61: 11752 | J61: 11580 | K61: 84 | L61: =[1]!Posts_Table[[#This Row],[Likes]]+[1]!Posts_Table[[#This Row],[Shares]]+[1]!Posts_Table[[#This Row],[Comments]] -> 1940 | M61: NewYearRefresh | N61: #ThirstyForMore | O61: #PepsiCoRefresh | P61: #AnytimeIsPepsiTime
A62: P061 | B62: Twitter | C62: 45540 | D62: Video | E62: Check out our latest video on twitter! | F62: 4886 | G62: 983 | H62: 409 | I62: 43974 | J62: 43239 | K62: 65 | L62: =[1]!Posts_Table[[#This Row],[Likes]]+[1]!Posts_Table[[#This Row],[Shares]]+[1]!Posts_Table[[#This Row],[Comments]] -> 6278 | M62: SummerSplash | N62: #PepsiCoRefresh
A63: P062 | B63: Twitter | C63: 45618 | D63: Carousel | E63: Check out our latest carousel on twitter! | F63: 53 | G63: 81 | H63: 379 | I63: 954 | J63: 7 | K63: 148 | L63: =[1]!Posts_Table[[#This Row],[Likes]]+[1]!Posts_Table[[#This Row],[Shares]]+[1]!Posts_Table[[#This Row],[Comments]] -> 513 | M63: NewYearRefresh | N63: #PepsiCoRefresh
A64: P063 | B64: Twitter | C64: 45504 | D64: Carousel | E64: Check out our latest carousel on twitter! | F64: 4507 | G64: 217 | H64: 13 | I64: 90140 | J64: 89591 | K64: 125 | L64: =[1]!Posts_Table[[#This Row],[Likes]]+[1]!Posts_Table[[#This Row],[Shares]]+[1]!Posts_Table[[#This Row],[Comments]] -> 4737 | M64: NewYearRefresh | N64: #LiveForNow
A65: P064 | B65: Facebook | C65: 45521 | D65: Image | E65: Check out our latest image on facebook! | F65: 2878 | G65: 248 | H65: 416 | I65: 43170 | J65: 42667 | K65: 75 | L65: =[1]!Posts_Table[[#This Row],[Likes]]+[1]!Posts_Table[[#This Row],[Shares]]+[1]!Posts_Table[[#This Row],[Comments]] -> 3542 | M65: NewYearRefresh | N65: #LiveForNow
A66: P065 | B66: Instagram | C66: 45744 | D66: Story | E66: Check out our latest story on instagram! | F66: 1881 | G66: 501 | H66: 99 | I66: 20691 | J66: 19987 | K66: 289 | L66: =[1]!Posts_Table[[#This Row],[Likes]]+[1]!Posts_Table[[#This Row],[Shares]]+[1]!Posts_Table[[#This Row],[Comments]] -> 2481 | N66: #ThirstyForMore
A67: P066 | B67: Twitter | C67: 45499 | D67: Carousel | E67: Check out our latest carousel on twitter! | F67: 432 | G67: 171 | H67: 280 | I67: 3024 | J67: 2285 | K67: 184 | L67: =[1]!Posts_Table[[#This Row],[Likes]]+[1]!Posts_Table[[#This Row],[Shares]]+[1]!Posts_Table[[#This Row],[Comments]] -> 883 | M67: SummerSplash | N67: #ThirstyForMore
A68: P067 | B68: Facebook | C68: 45745 | D68: Carousel | E68: Check out our latest carousel on facebook! | F68: 4712 | G68: 568 | H68: 127 | I68: 84816 | J68: 84691 | K68: 100 | L68: =[1]!Posts_Table[[#This Row],[Likes]]+[1]!Posts_Table[[#This Row],[Shares]]+[1]!Posts_Table[[#This Row],[Comments]] -> 5407 | M68: NewYearRefresh | N68: #ThirstyForMore
A69: P068 | B69: Instagram | C69: 45634 | D69: Story | E69: Check out our latest story on instagram! | F69: 2610 | G69: 126 | H69: 288 | I69: 15660 | J69: 15145 | K69: 73 | L69: =[1]!Posts_Table[[#This Row],[Likes]]+[1]!Posts_Table[[#This Row],[Shares]]+[1]!Posts_Table[[#This Row],[Comments]] -> 3024 | N69: #ThirstyForMore
A70: P069 | B70: Twitter | C70: 45724 | D70: Text | E70: Check out our latest text on twitter! | F70: 1292 | G70: 626 | H70: 496 | I70: 25840 | J70: 24916 | K70: 149 | L70: =[1]!Posts_Table[[#This Row],[Likes]]+[1]!Posts_Table[[#This Row],[Shares]]+[1]!Posts_Table[[#This Row],[Comments]] -> 2414 | M70: NewYearRefresh | N70: #LiveForNow
A71: P070 | B71: Facebook | C71: 45749 | D71: Video | E71: Check out our latest video on facebook! | F71: 199 | G71: 772 | H71: 400 | I71: 3582 | J71: 2988 | K71: 43 | L71: =[1]!Posts_Table[[#This Row],[Likes]]+[1]!Posts_Table[[#This Row],[Shares]]+[1]!Posts_Table[[#This Row],[Comments]] -> 1371 | N71: #PepsiCoRefresh
A72: P071 | B72: YouTube | C72: 45537 | D72: Carousel | E72: Check out our latest carousel on youtube! | F72: 2551 | G72: 915 | H72: 205 | I72: 30612 | J72: 30360 | K72: 227 | L72: =[1]!Posts_Table[[#This Row],[Likes]]+[1]!Posts_Table[[#This Row],[Shares]]+[1]!Posts_Table[[#This Row],[Comments]] -> 3671 | M72: FestiveRadiance | N72: #PepsiCoRefresh
A73: P072 | B73: YouTube | C73: 45719 | D73: Reel | E73: Check out our latest reel on youtube! | F73: 296 | G73: 60 | H73: 141 | I73: 5624 | J73: 5239 | K73: 88 | L73: =[1]!Posts_Table[[#This Row],[Likes]]+[1]!Posts_Table[[#This Row],[Shares]]+[1]!Posts_Table[[#This Row],[Comments]] -> 497 | M73: FestiveRadiance | N73: #ThirstyForMore
A74: P073 | B74: Facebook | C74: 45583 | D74: Story | E74: Check out our latest story on facebook! | F74: 4126 | G74: 426 | H74: 486 | I74: 78394 | J74: 77798 | K74: 88 | L74: =[1]!Posts_Table[[#This Row],[Likes]]+[1]!Posts_Table[[#This Row],[Shares]]+[1]!Posts_Table[[#This Row],[Comments]] -> 5038 | M74: DailyWellness | N74: #LiveForNow
A75: P074 | B75: YouTube | C75: 45593 | D75: Reel | E75: Check out our latest reel on youtube! | F75: 1855 | G75: 200 | H75: 174 | I75: 16695 | J75: 16330 | K75: 123 | L75: =[1]!Posts_Table[[#This Row],[Likes]]+[1]!Posts_Table[[#This Row],[Shares]]+[1]!Posts_Table[[#This Row],[Comments]] -> 2229 | M75: NewYearRefresh | N75: #PepsiCoRefresh
A76: P075 | B76: Instagram | C76: 45505 | D76: Reel | E76: Check out our latest reel on instagram! | F76: 1674 | G76: 929 | H76: 37 | I76: 21762 | J76: 20998 | K76: 255 | L76: =[1]!Posts_Table[[#This Row],[Likes]]+[1]!Posts_Table[[#This Row],[Shares]]+[1]!Posts_Table[[#This Row],[Comments]] -> 2640 | M76: DailyWellness | N76: #PepsiCoRefresh
A77: P076 | B77: Twitter | C77: 45603 | D77: Story | E77: Check out our latest story on twitter! | F77: 1121 | G77: 135 | H77: 18 | I77: 15694 | J77: 14957 | K77: 99 | L77: =[1]!Posts_Table[[#This Row],[Likes]]+[1]!Posts_Table[[#This Row],[Shares]]+[1]!Posts_Table[[#This Row],[Comments]] -> 1274 | M77: DailyWellness | N77: #PepsiCoRefresh
A78: P077 | B78: Facebook | C78: 45720 | D78: Story | E78: Check out our latest story on facebook! | F78: 1249 | G78: 116 | H78: 420 | I78: 8743 | J78: 8538 | K78: 63 | L78: =[1]!Posts_Table[[#This Row],[Likes]]+[1]!Posts_Table[[#This Row],[Shares]]+[1]!Posts_Table[[#This Row],[Comments]] -> 1785 | N78: #PepsiCoRefresh
A79: P078 | B79: Twitter | C79: 45460 | D79: Image | E79: Check out our latest image on twitter! | F79: 954 | G79: 324 | H79: 288 | I79: 19080 | J79: 18859 | K79: 21 | L79: =[1]!Posts_Table[[#This Row],[Likes]]+[1]!Posts_Table[[#This Row],[Shares]]+[1]!Posts_Table[[#This Row],[Comments]] -> 1566 | M79: DailyWellness | N79: #LiveForNow
A80: P079 | B80: Instagram | C80: 45574 | D80: Carousel | E80: Check out our latest carousel on instagram! | F80: 3068 | G80: 137 | H80: 329 | I80: 39884 | J80: 39404 | K80: 266 | L80: =[1]!Posts_Table[[#This Row],[Likes]]+[1]!Posts_Table[[#This Row],[Shares]]+[1]!Posts_Table[[#This Row],[Comments]] -> 3534 | M80: FestiveRadiance | N80: #ThirstyForMore
A81: P080 | B81: Instagram | C81: 45456 | D81: Story | E81: Check out our latest story on instagram! | F81: 2103 | G81: 892 | H81: 103 | I81: 39957 | J81: 39466 | K81: 28 | L81: =[1]!Posts_Table[[#This Row],[Likes]]+[1]!Posts_Table[[#This Row],[Shares]]+[1]!Posts_Table[[#This Row],[Comments]] -> 3098 | N81: #LiveForNow
A82: P081 | B82: Instagram | C82: 45584 | D82: Story | E82: Check out our latest story on instagram! | F82: 1816 | G82: 29 | H82: 41 | I82: 19976 | J82: 19262 | K82: 283 | L82: =[1]!Posts_Table[[#This Row],[Likes]]+[1]!Posts_Table[[#This Row],[Shares]]+[1]!Posts_Table[[#This Row],[Comments]] -> 1886 | M82: NewYearRefresh | N82: #PepsiCoRefresh
A83: P082 | B83: Instagram | C83: 45497 | D83: Image | E83: Check out our latest image on instagram! | F83: 725 | G83: 88 | H83: 428 | I83: 14500 | J83: 13637 | K83: 200 | L83: =[1]!Posts_Table[[#This Row],[Likes]]+[1]!Posts_Table[[#This Row],[Shares]]+[1]!Posts_Table[[#This Row],[Comments]] -> 1241 | M83: NewYearRefresh | N83: #LiveForNow | O83: #PepsiCoRefresh | P83: #AnytimeIsPepsiTime
A84: P083 | B84: YouTube | C84: 45580 | D84: Video | E84: Check out our latest video on youtube! | F84: 1094 | G84: 472 | H84: 21 | I84: 9846 | J84: 9609 | K84: 112 | L84: =[1]!Posts_Table[[#This Row],[Likes]]+[1]!Posts_Table[[#This Row],[Shares]]+[1]!Posts_Table[[#This Row],[Comments]] -> 1587 | N84: #ThirstyForMore
A85: P084 | B85: Facebook | C85: 45635 | D85: Image | E85: Check out our latest image on facebook! | F85: 1841 | G85: 851 | H85: 342 | I85: 34979 | J85: 34154 | K85: 255 | L85: =[1]!Posts_Table[[#This Row],[Likes]]+[1]!Posts_Table[[#This Row],[Shares]]+[1]!Posts_Table[[#This Row],[Comments]] -> 3034 | M85: DailyWellness | N85: #LiveForNow
A86: P085 | B86: Instagram | C86: 45766 | D86: Image | E86: Check out our latest image on instagram! | F86: 4177 | G86: 569 | H86: 55 | I86: 25062 | J86: 24847 | K86: 230 | L86: =[1]!Posts_Table[[#This Row],[Likes]]+[1]!Posts_Table[[#This Row],[Shares]]+[1]!Posts_Table[[#This Row],[Comments]] -> 4801 | M86: SummerSplash | N86: #LiveForNow
A87: P086 | B87: YouTube | C87: 45684 | D87: Text | E87: Check out our latest text on youtube! | F87: 3428 | G87: 305 | H87: 85 | I87: 58276 | J87: 58052 | K87: 242 | L87: =[1]!Posts_Table[[#This Row],[Likes]]+[1]!Posts_Table[[#This Row],[Shares]]+[1]!Posts_Table[[#This Row],[Comments]] -> 3818 | M87: DailyWellness | N87: #ThirstyForMore | O87: #BetterWithPepsi
A88: P087 | B88: Twitter | C88: 45449 | D88: Video | E88: Check out our latest video on twitter! | F88: 1436 | G88: 765 | H88: 496 | I88: 12924 | J88: 12701 | K88: 197 | L88: =[1]!Posts_Table[[#This Row],[Likes]]+[1]!Posts_Table[[#This Row],[Shares]]+[1]!Posts_Table[[#This Row],[Comments]] -> 2697 | M88: NewYearRefresh | N88: #LiveForNow
A89: P088 | B89: Facebook | C89: 45480 | D89: Story | E89: Check out our latest story on facebook! | F89: 302 | G89: 47 | H89: 430 | I89: 5738 | J89: 4890 | K89: 25 | L89: =[1]!Posts_Table[[#This Row],[Likes]]+[1]!Posts_Table[[#This Row],[Shares]]+[1]!Posts_Table[[#This Row],[Comments]] -> 779 | M89: DailyWellness | N89: #PepsiCoRefresh
A90: P089 | B90: Twitter | C90: 45667 | D90: Image | E90: Check out our latest image on twitter! | F90: 2214 | G90: 249 | H90: 152 | I90: 15498 | J90: 14800 | K90: 180 | L90: =[1]!Posts_Table[[#This Row],[Likes]]+[1]!Posts_Table[[#This Row],[Shares]]+[1]!Posts_Table[[#This Row],[Comments]] -> 2615 | N90: #ThirstyForMore
A91: P090 | B91: Instagram | C91: 45446 | D91: Image | E91: Check out our latest image on instagram! | F91: 3861 | G91: 960 | H91: 101 | I91: 69498 | J91: 68817 | K91: 297 | L91: =[1]!Posts_Table[[#This Row],[Likes]]+[1]!Posts_Table[[#This Row],[Shares]]+[1]!Posts_Table[[#This Row],[Comments]] -> 4922 | M91: DailyWellness | N91: #PepsiCoRefresh
A92: P091 | B92: Facebook | C92: 45740 | D92: Image | E92: Check out our latest image on facebook! | F92: 1263 | G92: 397 | H92: 357 | I92: 25260 | J92: 24615 | K92: 137 | L92: =[1]!Posts_Table[[#This Row],[Likes]]+[1]!Posts_Table[[#This Row],[Shares]]+[1]!Posts_Table[[#This Row],[Comments]] -> 2017 | M92: DailyWellness | N92: #ThirstyForMore
A93: P092 | B93: Twitter | C93: 45586 | D93: Story | E93: Check out our latest story on twitter! | F93: 3801 | G93: 967 | H93: 401 | I93: 38010 | J93: 37625 | K93: 236 | L93: =[1]!Posts_Table[[#This Row],[Likes]]+[1]!Posts_Table[[#This Row],[Shares]]+[1]!Posts_Table[[#This Row],[Comments]] -> 5169 | M93: NewYearRefresh | N93: #LiveForNow
A94: P093 | B94: Instagram | C94: 45637 | D94: Video | E94: Check out our latest video on instagram! | F94: 1431 | G94: 951 | H94: 26 | I94: 8586 | J94: 8396 | K94: 150 | L94: =[1]!Posts_Table[[#This Row],[Likes]]+[1]!Posts_Table[[#This Row],[Shares]]+[1]!Posts_Table[[#This Row],[Comments]] -> 2408 | M94: NewYearRefresh | N94: #ThirstyForMore
A95: P094 | B95: Instagram | C95: 45603 | D95: Image | E95: Check out our latest image on instagram! | F95: 2647 | G95: 304 | H95: 170 | I95: 18529 | J95: 17841 | K95: 46 | L95: =[1]!Posts_Table[[#This Row],[Likes]]+[1]!Posts_Table[[#This Row],[Shares]]+[1]!Posts_Table[[#This Row],[Comments]] -> 3121 | M95: NewYearRefresh | N95: #LiveForNow
A96: P095 | B96: Instagram | C96: 45604 | D96: Text | E96: Check out our latest text on instagram! | F96: 3182 | G96: 559 | H96: 160 | I96: 57276 | J96: 56890 | K96: 163 | L96: =[1]!Posts_Table[[#This Row],[Likes]]+[1]!Posts_Table[[#This Row],[Shares]]+[1]!Posts_Table[[#This Row],[Comments]] -> 3901 | M96: DailyWellness | N96: #LiveForNow
A97: P096 | B97: Twitter | C97: 45545 | D97: Image | E97: Check out our latest image on twitter! | F97: 1238 | G97: 366 | H97: 444 | I97: 19808 | J97: 19334 | K97: 123 | L97: =[1]!Posts_Table[[#This Row],[Likes]]+[1]!Posts_Table[[#This Row],[Shares]]+[1]!Posts_Table[[#This Row],[Comments]] -> 2048 | N97: #LiveForNow
A98: P097 | B98: Instagram | C98: 45517 | D98: Image | E98: Check out our latest image on instagram! | F98: 4739 | G98: 527 | H98: 135 | I98: 61607 | J98: 61333 | K98: 36 | L98: =[1]!Posts_Table[[#This Row],[Likes]]+[1]!Posts_Table[[#This Row],[Shares]]+[1]!Posts_Table[[#This Row],[Comments]] -> 5401 | M98: FestiveRadiance | N98: #PepsiCoRefresh | O98: #AnytimeIsPepsiTime
A99: P098 | B99: Twitter | C99: 45453 | D99: Story | E99: Check out our latest story on twitter! | F99: 1575 | G99: 771 | H99: 486 | I99: 25200 | J99: 24826 | K99: 17 | L99: =[1]!Posts_Table[[#This Row],[Likes]]+[1]!Posts_Table[[#This Row],[Shares]]+[1]!Posts_Table[[#This Row],[Comments]] -> 2832 | M99: DailyWellness | N99: #LiveForNow
A100: P099 | B100: YouTube | C100: 45475 | D100: Carousel | E100: Check out our latest carousel on youtube! | F100: 4171 | G100: 548 | H100: 86 | I100: 66736 | J100: 66634 | K100: 173 | L100: =[1]!Posts_Table[[#This Row],[Likes]]+[1]!Posts_Table[[#This Row],[Shares]]+[1]!Posts_Table[[#This Row],[Comments]] -> 4805 | M100: NewYearRefresh | N100: #LiveForNow
...

Sheet Engagement Summary
A1: Week_Start_Date | B1: Platform | C1: New_Followers | D1: Unfollows | E1: Total_Followers | F1: Engagement_Rate | G1: Ad_Spend | H1: Net followers
A2: 2024-06-03 | B2: Instagram | C2: 1135 | D2: 88 | E2: 344084 | F2: 8.06 | G2: 5904 | H2: =(C2-D2) -> 1047
A3: 2024-06-03 | B3: Facebook | C3: 1312 | D3: 310 | E3: 42654 | F3: 4.98 | G3: 9566 | H3: =(C3-D3) -> 1002
A4: 2024-06-03 | B4: Twitter | C4: 584 | D4: 169 | E4: 146834 | F4: 8.31 | G4: 26752 | H4: =(C4-D4) -> 415
A5: 2024-06-03 | B5: YouTube | C5: 1535 | D5: 445 | E5: 395536 | F5: 4.11 | G5: 30671 | H5: =(C5-D5) -> 1090
A6: 2024-06-10 | B6: Instagram | C6: 656 | D6: 139 | E6: 49157 | F6: 9.05 | G6: 9920 | H6: =(C6-D6) -> 517
A7: 2024-06-10 | B7: Facebook | C7: 1697 | D7: 414 | E7: 316555 | F7: 2.37 | G7: 7924 | H7: =(C7-D7) -> 1283
A8: 2024-06-10 | B8: Twitter | C8: 436 | D8: 250 | E8: 254347 | F8: 4.01 | G8: 8912 | H8: =(C8-D8) -> 186
A9: 2024-06-10 | B9: YouTube | C9: 1197 | D9: 203 | E9: 413878 | F9: 3.16 | G9: 21205 | H9: =(C9-D9) -> 994
A10: 2024-06-17 | B10: Instagram | C10: 1048 | D10: 155 | E10: 456946 | F10: 2.46 | G10: 11329 | H10: =(C10-D10) -> 893
A11: 2024-06-17 | B11: Facebook | C11: 1753 | D11: 371 | E11: 169496 | F11: 8.11 | G11: 46670 | H11: =(C11-D11) -> 1382
A12: 2024-06-17 | B12: Twitter | C12: 1335 | D12: 40 | E12: 122732 | F12: 8.19 | G12: 22482 | H12: =(C12-D12) -> 1295
A13: 2024-06-17 | B13: YouTube | C13: 403 | D13: 66 | E13: 382851 | F13: 3.49 | G13: 24313 | H13: =(C13-D13) -> 337
... A201: 2025-05-12 | B201: YouTube | C201: 119 | D201: 456 | E201: 82558 | F201: 6.81 | G201: 12174 | H201: =(C201-D201) -> -337

Sheet Campaign MetaData
A1: Campaign_Name | B1: Start_Date | C1: End_Date | D1: Objective | E1: Total_Budget | F1: Target_Platforms | G1: Primary_Hashtags | H1: Primary_Hashtags 2
A2: NewYearRefresh | B2: 2024-12-25 | C2: 2025-01-10 | D2: Product Launch | E2: 250000 | F2: Facebook,Twitter | G2: #SmoothLikeNitroPepsi
A3: FestiveRadiance | B3: 2024-10-01 | C3: 2024-10-31 | D3: Engagement | E3: 200000 | F3: Instagram,YouTube | G3: #AnytimeIsPepsiTime
A4: DailyWellness | B4: 2025-03-01 | C4: 2025-03-31 | D4: Traffic | E4: 180000 | F4: Instagram,Twitter | G4: #BetterWithPepsi | H4: #LiveForNow
A5: SummerSplash | B5: 2024-06-15 | C5: 2024-07-15 | D5: Brand Awareness | E5: 150000 | F5: Instagram,Facebook | G5: #ThirstyForMore | H5: #PepsiCoRefresh

Sheet Campaign Result
A1: Campaign_Name | B1: Start_Date | C1: End_Date | D1: Campaign_Period | E1: Pre_Campaign | F1: Engagement During | G1: Engagement Before | H1: Daily Engagement During | I1: Daily Engagement Before | J1: Engagement Uplift %
A2: DailyWellness | B2: 2025-03-01 | C2: 2025-03-31 | D2: =C2-B2+1 -> 31 | E2: =B2-D2 -> 45686 | F2: =SUMIFS(post!$L:$L, post!$C:$C, ">=" & B2, post!$C:$C, "<=" & C2) -> 106020 | G2: =SUMIFS(post!$L:$L, post!$C:$C, ">=" & (B2-30), post!$C:$C, "<=" & B2) -> 72976 | H2: =F2/D2 -> 3420 | I2: =G2/D2 -> 2354.0645 | J2: =(H2-I2)/H2*100 -> 31.167704
A3: NewYearRefresh | B3: 2024-12-25 | C3: 2025-01-10 | D3: =C3-B3+1 -> 17 | E3: =B3-D3 -> 45634 | F3: =SUMIFS(post!$L:$L, post!$C:$C, ">=" & B3, post!$C:$C, "<=" & C3) -> 33044 | G3: =SUMIFS(post!$L:$L, post!$C:$C, ">=" & (B3-30), post!$C:$C, "<=" & B3) -> 104809 | H3: =F3/D3 -> 1943.7647 | I3: =G3/D3 -> 6165.2353 | J3: =(H3-I3)/H3*100 -> -217.18012
A4: FestiveRadiance | B4: 2024-10-01 | C4: 2024-10-31 | D4: =C4-B4+1 -> 31 | E4: =B4-D4 -> 45535 | F4: =SUMIFS(post!$L:$L, post!$C:$C, ">=" & B4, post!$C:$C, "<=" & C4) -> 137691 | G4: =SUMIFS(post!$L:$L, post!$C:$C, ">=" & (B4-30), post!$C:$C, "<=" & B4) -> 50228 | H4: =F4/D4 -> 4441.6452 | I4: =G4/D4 -> 1620.2581 | J4: =(H4-I4)/H4*100 -> 63.521218
A5: SummerSplash | B5: 2024-06-15 | C5: 2024-07-15 | D5: =C5-B5+1 -> 31 | E5: =B5-D5 -> 45427 | F5: =SUMIFS(post!$L:$L, post!$C:$C, ">=" & B5, post!$C:$C, "<=" & C5) -> 103773 | G5: =SUMIFS(post!$L:$L, post!$C:$C, ">=" & (B5-30), post!$C:$C, "<=" & B5) -> 47286 | H5: =F5/D5 -> 3347.5161 | I5: =G5/D5 -> 1525.3548 | J5: =(H5-I5)/H5*100 -> 54.433234
D15: Campaign_Name | E15: Total_Budget | F15: Total_Engagement | G15: ROI | H15: Rank
D16: NewYearRefresh | E16: 250000 | F16: =SUMIFS(post!$L$2:$L$301,post!$M$2:$M$301,"=" & D16 ) -> 232821 | G16: =E16/F16 -> 1.0737863 | H16: =_xlfn.RANK.EQ(G16,$G$16:$G$19,0) -> 1
D17: FestiveRadiance | E17: 200000 | F17: =SUMIFS(post!$L$2:$L$301,post!$M$2:$M$301,"=" & D17 ) -> 201739 | G17: =E17/F17 -> 0.99137995 | H17: =_xlfn.RANK.EQ(G17,$G$16:$G$19,0) -> 2
D18: SummerSplash | E18: 150000 | F18: =SUMIFS(post!$L$2:$L$301,post!$M$2:$M$301,"=" & D18 ) -> 173901 | G18: =E18/F18 -> 0.86255973 | H18: =_xlfn.RANK.EQ(G18,$G$16:$G$19,0) -> 3
D19: DailyWellness | E19: 180000 | F19: =SUMIFS(post!$L$2:$L$301,post!$M$2:$M$301,"=" & D19 ) -> 240483 | G19: =E19/F19 -> 0.74849366 | H19: =_xlfn.RANK.EQ(G19,$G$16:$G$19,0) -> 4
